{"stats":{"minecraft:custom":{"minecraft:time_since_rest":15050,"minecraft:open_chest":11,"minecraft:crouch_one_cm":2295,"minecraft:play_time":15050,"minecraft:sprint_one_cm":6696,"minecraft:walk_one_cm":19186,"minecraft:sneak_time":754,"minecraft:interact_with_anvil":2,"minecraft:drop":5,"minecraft:jump":125,"minecraft:leave_game":1,"minecraft:time_since_death":15050,"minecraft:total_world_time":15050,"minecraft:fly_one_cm":16709},"minecraft:used":{"minecraft:fishing_rod":1,"minecraft:anvil":1,"minecraft:andesite":2,"minecraft:smooth_stone_slab":6,"minecraft:gravel":1},"minecraft:dropped":{"minecraft:diamond_boots":1,"minecraft:diamond_chestplate":1,"minecraft:diamond_leggings":1,"minecraft:diamond_helmet":1,"minecraft:stick":1},"minecraft:picked_up":{"minecraft:diamond_chestplate":1,"minecraft:diamond_leggings":1,"minecraft:diamond_boots":1,"minecraft:diamond_helmet":1}},"DataVersion":3465}