{"stats":{"minecraft:custom":{"minecraft:time_since_rest":32162,"minecraft:open_chest":3,"minecraft:crouch_one_cm":1985,"minecraft:play_time":32162,"minecraft:sprint_one_cm":3998,"minecraft:damage_taken":100,"minecraft:walk_one_cm":23258,"minecraft:sneak_time":1124,"minecraft:drop":4,"minecraft:jump":35,"minecraft:damage_dealt":17,"minecraft:leave_game":7,"minecraft:time_since_death":32162,"minecraft:total_world_time":32162,"minecraft:fall_one_cm":967,"minecraft:fly_one_cm":182793},"minecraft:used":{"minecraft:barrier":1,"minecraft:oak_sign":5,"minecraft:smooth_stone_slab":6,"minecraft:chest":5},"minecraft:dropped":{"minecraft:diamond_boots":1,"minecraft:diamond_chestplate":1,"minecraft:diamond_leggings":1,"minecraft:diamond_helmet":1},"minecraft:picked_up":{"minecraft:stick":1,"minecraft:rotten_flesh":2,"minecraft:diamond_chestplate":1,"minecraft:diamond_leggings":1,"minecraft:diamond_boots":1,"minecraft:diamond_helmet":1}},"DataVersion":3465}