{"stats":{"minecraft:custom":{"minecraft:jump":20,"minecraft:time_since_rest":14019,"minecraft:damage_dealt":17,"minecraft:crouch_one_cm":983,"minecraft:sprint_one_cm":1876,"minecraft:leave_game":5,"minecraft:play_time":14019,"minecraft:damage_taken":100,"minecraft:time_since_death":14019,"minecraft:walk_one_cm":4246,"minecraft:sneak_time":748,"minecraft:total_world_time":14019,"minecraft:fall_one_cm":967,"minecraft:fly_one_cm":146530},"minecraft:picked_up":{"minecraft:rotten_flesh":2}},"DataVersion":3465}