{"stats":{"minecraft:picked_up":{"minecraft:rotten_flesh":2},"minecraft:custom":{"minecraft:jump":20,"minecraft:time_since_rest":17104,"minecraft:damage_dealt":17,"minecraft:crouch_one_cm":983,"minecraft:leave_game":6,"minecraft:sprint_one_cm":1876,"minecraft:play_time":17104,"minecraft:damage_taken":100,"minecraft:time_since_death":17104,"minecraft:walk_one_cm":4246,"minecraft:sneak_time":791,"minecraft:total_world_time":17104,"minecraft:fall_one_cm":967,"minecraft:fly_one_cm":177330}},"DataVersion":3465}